id,sector,x,y
1225,Vegetables_foodstuff_and_wood,2076,2433
1223,Vegetables_foodstuff_and_wood,1451,2753
1222,Vegetables_foodstuff_and_wood,1491,2276
1221,Vegetables_foodstuff_and_wood,2879,2627
1216,Vegetables_foodstuff_and_wood,2178,2498
1215,Vegetables_foodstuff_and_wood,1543,2643
1214,Vegetables_foodstuff_and_wood,2122,2409
1212,Vegetables_foodstuff_and_wood,2302,2490
1211,Vegetables_foodstuff_and_wood,2733,2358
1210,Vegetables_foodstuff_and_wood,2414,2429
1209,Vegetables_foodstuff_and_wood,2321,2409
1208,Vegetables_foodstuff_and_wood,2124,2443
1205,Vegetables_foodstuff_and_wood,1083,1932
1204,Vegetables_foodstuff_and_wood,1392,2000
1202,Vegetables_foodstuff_and_wood,1830,2330
1201,Vegetables_foodstuff_and_wood,1469,2281
1200,Vegetables_foodstuff_and_wood,1293,1883
1199,Vegetables_foodstuff_and_wood,2356,2386
1197,Vegetables_foodstuff_and_wood,1462,2324
1196,Vegetables_foodstuff_and_wood,2086,2508
1195,Vegetables_foodstuff_and_wood,1878,2068
1194,Vegetables_foodstuff_and_wood,2348,2255
1193,Vegetables_foodstuff_and_wood,1865,2135
1192,Vegetables_foodstuff_and_wood,1428,2324
1191,Vegetables_foodstuff_and_wood,2151,2485
1189,Vegetables_foodstuff_and_wood,1341,1895
1187,Vegetables_foodstuff_and_wood,1030,2150
1186,Vegetables_foodstuff_and_wood,1036,2106
1184,Vegetables_foodstuff_and_wood,2791,2366
1178,Vegetables_foodstuff_and_wood,2184,2339
1177,Vegetables_foodstuff_and_wood,2772,2391
1175,Vegetables_foodstuff_and_wood,2265,2330
1172,Vegetables_foodstuff_and_wood,2225,2417
1171,Vegetables_foodstuff_and_wood,2125,2060
1169,Vegetables_foodstuff_and_wood,2316,2122
1168,Vegetables_foodstuff_and_wood,2243,2398
1167,Vegetables_foodstuff_and_wood,2252,2441
1166,Vegetables_foodstuff_and_wood,2250,2196
1165,Vegetables_foodstuff_and_wood,2275,2235
1164,Vegetables_foodstuff_and_wood,2279,2163
1160,Vegetables_foodstuff_and_wood,2300,2201
1158,Vegetables_foodstuff_and_wood,2229,2336
1156,Vegetables_foodstuff_and_wood,2092,1864
1155,Vegetables_foodstuff_and_wood,2108,2277
1154,Vegetables_foodstuff_and_wood,1540,2071
1152,Vegetables_foodstuff_and_wood,2060,2269
1150,Vegetables_foodstuff_and_wood,2094,1913
1149,Vegetables_foodstuff_and_wood,1370,2776
1148,Vegetables_foodstuff_and_wood,2047,1925
1143,Vegetables_foodstuff_and_wood,2751,2331
1142,Vegetables_foodstuff_and_wood,2312,2722
1141,Vegetables_foodstuff_and_wood,2311,2666
1140,Vegetables_foodstuff_and_wood,2769,2292
1138,Vegetables_foodstuff_and_wood,2321,2634
1137,Vegetables_foodstuff_and_wood,2316,2590
850,Vegetables_foodstuff_and_wood,2360,2605
849,Vegetables_foodstuff_and_wood,2407,2373
848,Vegetables_foodstuff_and_wood,2520,2591
847,Vegetables_foodstuff_and_wood,2228,2536
844,Vegetables_foodstuff_and_wood,2297,2066
842,Vegetables_foodstuff_and_wood,1453,2447
841,Vegetables_foodstuff_and_wood,2761,2733
840,Vegetables_foodstuff_and_wood,2477,2121
839,Vegetables_foodstuff_and_wood,2176,2819
837,Vegetables_foodstuff_and_wood,1972,2553
836,Vegetables_foodstuff_and_wood,1964,2590
833,Vegetables_foodstuff_and_wood,2533,2890
832,Vegetables_foodstuff_and_wood,1945,2604
831,Vegetables_foodstuff_and_wood,2383,2405
830,Vegetables_foodstuff_and_wood,2053,2650
829,Vegetables_foodstuff_and_wood,2279,2497
828,Vegetables_foodstuff_and_wood,2260,2473
827,Vegetables_foodstuff_and_wood,2347,2491
826,Vegetables_foodstuff_and_wood,2213,2462
825,Vegetables_foodstuff_and_wood,2218,2489
824,Vegetables_foodstuff_and_wood,2379,2274
823,Vegetables_foodstuff_and_wood,2411,2502
822,Vegetables_foodstuff_and_wood,2457,2488
821,Vegetables_foodstuff_and_wood,2387,2479
819,Vegetables_foodstuff_and_wood,2448,2459
818,Vegetables_foodstuff_and_wood,1689,2675
817,Vegetables_foodstuff_and_wood,1062,2133
816,Vegetables_foodstuff_and_wood,2460,2825
815,Vegetables_foodstuff_and_wood,2435,2368
814,Vegetables_foodstuff_and_wood,2385,2446
813,Vegetables_foodstuff_and_wood,2184,2521
811,Vegetables_foodstuff_and_wood,2871,2456
810,Vegetables_foodstuff_and_wood,2337,2517
809,Vegetables_foodstuff_and_wood,2382,2369
808,Vegetables_foodstuff_and_wood,2849,2235
807,Vegetables_foodstuff_and_wood,2818,2258
806,Vegetables_foodstuff_and_wood,2808,2209
804,Vegetables_foodstuff_and_wood,2806,2293
803,Vegetables_foodstuff_and_wood,2440,2429
801,Vegetables_foodstuff_and_wood,1791,2674
800,Vegetables_foodstuff_and_wood,2502,2219
799,Vegetables_foodstuff_and_wood,2103,2888
798,Vegetables_foodstuff_and_wood,2135,2820
796,Vegetables_foodstuff_and_wood,2254,2510
795,Vegetables_foodstuff_and_wood,2209,2424
792,Vegetables_foodstuff_and_wood,1075,2178
791,Vegetables_foodstuff_and_wood,1061,2215
790,Vegetables_foodstuff_and_wood,1338,2798
789,Vegetables_foodstuff_and_wood,2406,2547
788,Vegetables_foodstuff_and_wood,2409,2619
787,Vegetables_foodstuff_and_wood,2627,2729
786,Vegetables_foodstuff_and_wood,2001,2644
785,Vegetables_foodstuff_and_wood,2879,2268
784,Vegetables_foodstuff_and_wood,2269,2669
783,Vegetables_foodstuff_and_wood,2891,2235
781,Vegetables_foodstuff_and_wood,2644,2873
779,Vegetables_foodstuff_and_wood,2652,2837
776,Vegetables_foodstuff_and_wood,2119,2940
774,Vegetables_foodstuff_and_wood,2057,2747
768,Vegetables_foodstuff_and_wood,2165,2608
766,Vegetables_foodstuff_and_wood,1316,1806
764,Vegetables_foodstuff_and_wood,2820,2764
763,Vegetables_foodstuff_and_wood,2613,2364
761,Vegetables_foodstuff_and_wood,2482,2676
760,Vegetables_foodstuff_and_wood,2680,2861
759,Vegetables_foodstuff_and_wood,2451,2184
758,Vegetables_foodstuff_and_wood,2277,2639
757,Vegetables_foodstuff_and_wood,1983,2673
754,Vegetables_foodstuff_and_wood,2834,2709
753,Vegetables_foodstuff_and_wood,1459,2538
751,Vegetables_foodstuff_and_wood,2177,2737
750,Vegetables_foodstuff_and_wood,1931,2591
747,Vegetables_foodstuff_and_wood,2388,2555
746,Vegetables_foodstuff_and_wood,2120,2603
744,Vegetables_foodstuff_and_wood,2475,2259
742,Vegetables_foodstuff_and_wood,2029,2744
741,Vegetables_foodstuff_and_wood,2863,2716
740,Vegetables_foodstuff_and_wood,2245,2675
738,Vegetables_foodstuff_and_wood,1976,2705
736,Vegetables_foodstuff_and_wood,1970,2745
735,Vegetables_foodstuff_and_wood,2713,2416
729,Vegetables_foodstuff_and_wood,2033,2891
727,Vegetables_foodstuff_and_wood,2843,2749
726,Vegetables_foodstuff_and_wood,2010,2905
724,Vegetables_foodstuff_and_wood,2524,2827
722,Vegetables_foodstuff_and_wood,2427,2395
721,Vegetables_foodstuff_and_wood,2471,2627
720,Vegetables_foodstuff_and_wood,2558,2789
719,Vegetables_foodstuff_and_wood,2535,2856
718,Vegetables_foodstuff_and_wood,2426,2611
717,Vegetables_foodstuff_and_wood,2496,2819
716,Vegetables_foodstuff_and_wood,2485,2958
715,Vegetables_foodstuff_and_wood,2446,2570
714,Vegetables_foodstuff_and_wood,1984,2921
713,Vegetables_foodstuff_and_wood,2337,2671
712,Vegetables_foodstuff_and_wood,2804,2331
711,Vegetables_foodstuff_and_wood,1943,2948
710,Vegetables_foodstuff_and_wood,2454,2745
709,Vegetables_foodstuff_and_wood,2550,2757
707,Vegetables_foodstuff_and_wood,2536,2698
706,Vegetables_foodstuff_and_wood,2434,2502
705,Vegetables_foodstuff_and_wood,2482,2595
704,Vegetables_foodstuff_and_wood,2559,2946
703,Vegetables_foodstuff_and_wood,2619,2867
702,Vegetables_foodstuff_and_wood,2622,2829
701,Vegetables_foodstuff_and_wood,2588,2826
700,Vegetables_foodstuff_and_wood,2519,2779
699,Vegetables_foodstuff_and_wood,2570,2869
698,Vegetables_foodstuff_and_wood,2391,2921
697,Vegetables_foodstuff_and_wood,2020,2853
696,Vegetables_foodstuff_and_wood,2913,2172
695,Vegetables_foodstuff_and_wood,2595,2941
694,Vegetables_foodstuff_and_wood,2011,2827
693,Vegetables_foodstuff_and_wood,2134,2732
686,Vegetables_foodstuff_and_wood,2179,2800
681,Vegetables_foodstuff_and_wood,2598,2146
679,Vegetables_foodstuff_and_wood,2183,2226
678,Vegetables_foodstuff_and_wood,2283,2467
677,Vegetables_foodstuff_and_wood,2017,2672
676,Vegetables_foodstuff_and_wood,2091,2681
675,Vegetables_foodstuff_and_wood,2111,2473
674,Vegetables_foodstuff_and_wood,2351,2552
673,Vegetables_foodstuff_and_wood,2206,2505
672,Vegetables_foodstuff_and_wood,2090,2856
671,Vegetables_foodstuff_and_wood,2055,2874
670,Vegetables_foodstuff_and_wood,2098,2820
669,Vegetables_foodstuff_and_wood,2097,2768
668,Vegetables_foodstuff_and_wood,2061,2773
667,Vegetables_foodstuff_and_wood,2057,2834
666,Vegetables_foodstuff_and_wood,2153,2893
665,Vegetables_foodstuff_and_wood,1705,2624
663,Vegetables_foodstuff_and_wood,2092,2720
662,Vegetables_foodstuff_and_wood,1625,2678
661,Vegetables_foodstuff_and_wood,2153,2744
659,Vegetables_foodstuff_and_wood,2525,2945
658,Vegetables_foodstuff_and_wood,1694,2580
657,Vegetables_foodstuff_and_wood,2053,2713
656,Vegetables_foodstuff_and_wood,2169,2695
654,Vegetables_foodstuff_and_wood,2201,2576
653,Vegetables_foodstuff_and_wood,2318,2771
652,Vegetables_foodstuff_and_wood,1676,2661
651,Vegetables_foodstuff_and_wood,2153,2519
650,Vegetables_foodstuff_and_wood,2075,2745
1788,Transport_vehicles,1722,1937
1787,Transport_vehicles,1863,2683
1786,Transport_vehicles,2045,2037
1785,Transport_vehicles,2795,2431
1784,Transport_vehicles,2034,2422
1783,Transport_vehicles,2010,2751
1782,Transport_vehicles,1942,2121
1781,Transport_vehicles,1330,1970
1779,Transport_vehicles,1276,2860
1778,Transport_vehicles,1710,2841
1776,Transport_vehicles,2237,2478
1775,Transport_vehicles,2768,2791
1774,Transport_vehicles,1331,2748
1773,Transport_vehicles,1266,1883
1772,Transport_vehicles,2093,2004
1771,Transport_vehicles,1312,2783
1770,Transport_vehicles,1689,2745
1769,Transport_vehicles,1829,2565
1768,Transport_vehicles,1819,2368
1767,Transport_vehicles,1656,2491
1766,Transport_vehicles,1426,2682
1765,Transport_vehicles,2140,2240
1764,Transport_vehicles,1788,2416
1763,Transport_vehicles,1951,2405
1762,Transport_vehicles,2138,2103
1761,Transport_vehicles,1814,2442
1760,Transport_vehicles,2095,2460
1758,Transport_vehicles,1873,2504
1757,Transport_vehicles,1858,2642
1756,Transport_vehicles,1652,2517
1755,Transport_vehicles,1517,2840
1754,Transport_vehicles,1596,2572
1753,Transport_vehicles,1837,2665
1752,Transport_vehicles,1810,2640
1890,Textiles_and_furniture,2436,2790
1887,Textiles_and_furniture,1277,2778
1885,Textiles_and_furniture,1252,2833
1858,Textiles_and_furniture,2235,2369
1857,Textiles_and_furniture,1888,2301
1856,Textiles_and_furniture,2554,2286
1855,Textiles_and_furniture,2298,2439
1854,Textiles_and_furniture,1512,2208
1853,Textiles_and_furniture,2051,2358
1394,Textiles_and_furniture,2768,2924
1392,Textiles_and_furniture,2810,2882
1388,Textiles_and_furniture,1397,2692
1386,Textiles_and_furniture,1317,2654
1385,Textiles_and_furniture,2695,2677
1380,Textiles_and_furniture,2666,2314
1379,Textiles_and_furniture,2549,2360
1378,Textiles_and_furniture,2710,2607
1377,Textiles_and_furniture,2679,2512
1376,Textiles_and_furniture,2716,2656
1373,Textiles_and_furniture,2133,2644
1371,Textiles_and_furniture,2616,2230
1370,Textiles_and_furniture,2667,2133
1369,Textiles_and_furniture,2530,2434
1368,Textiles_and_furniture,2583,2288
1367,Textiles_and_furniture,2639,2190
1366,Textiles_and_furniture,2647,2505
1365,Textiles_and_furniture,2745,2558
1364,Textiles_and_furniture,2625,2476
1362,Textiles_and_furniture,1350,2761
1361,Textiles_and_furniture,2043,1877
1359,Textiles_and_furniture,2731,2404
1358,Textiles_and_furniture,2636,2339
1357,Textiles_and_furniture,2698,2401
1356,Textiles_and_furniture,2727,2441
1355,Textiles_and_furniture,2562,2420
1354,Textiles_and_furniture,2606,2517
1353,Textiles_and_furniture,2708,2370
1352,Textiles_and_furniture,2686,2464
1351,Textiles_and_furniture,2679,2384
1350,Textiles_and_furniture,2585,2349
1349,Textiles_and_furniture,2532,2405
1348,Textiles_and_furniture,2579,2319
1347,Textiles_and_furniture,2713,2464
1346,Textiles_and_furniture,1330,2535
1345,Textiles_and_furniture,2623,2305
1344,Textiles_and_furniture,2654,2479
1342,Textiles_and_furniture,2568,2396
1341,Textiles_and_furniture,2681,2440
1340,Textiles_and_furniture,2688,2342
1339,Textiles_and_furniture,2638,2405
1338,Textiles_and_furniture,2595,2421
1337,Textiles_and_furniture,2535,2457
1336,Textiles_and_furniture,2583,2490
1335,Textiles_and_furniture,2705,2440
1334,Textiles_and_furniture,2632,2449
1333,Textiles_and_furniture,2614,2386
1332,Textiles_and_furniture,2544,2478
1331,Textiles_and_furniture,2662,2416
1330,Textiles_and_furniture,2750,2515
1329,Textiles_and_furniture,2785,2535
1328,Textiles_and_furniture,1965,2271
1323,Textiles_and_furniture,1742,2078
1320,Textiles_and_furniture,1726,2168
1319,Textiles_and_furniture,2158,2160
1316,Textiles_and_furniture,2611,2718
1313,Textiles_and_furniture,2722,2551
1312,Textiles_and_furniture,2744,2479
1310,Textiles_and_furniture,2647,2566
1307,Textiles_and_furniture,2707,2835
1306,Textiles_and_furniture,2368,2941
1304,Textiles_and_furniture,2729,2735
1303,Textiles_and_furniture,2383,2844
1302,Textiles_and_furniture,2003,1851
1300,Textiles_and_furniture,2125,2850
1299,Textiles_and_furniture,2375,2226
1295,Textiles_and_furniture,1887,2402
1294,Textiles_and_furniture,2135,2387
1293,Textiles_and_furniture,2357,2171
1292,Textiles_and_furniture,2590,2656
1291,Textiles_and_furniture,2627,2536
1290,Textiles_and_furniture,2640,2604
1289,Textiles_and_furniture,2665,2611
1288,Textiles_and_furniture,2656,2662
1286,Textiles_and_furniture,2091,1954
1285,Textiles_and_furniture,2573,2510
1280,Textiles_and_furniture,1051,1975
1279,Textiles_and_furniture,2197,2126
1278,Textiles_and_furniture,1188,2172
1277,Textiles_and_furniture,2553,2598
1276,Textiles_and_furniture,2557,2549
1275,Textiles_and_furniture,2621,2627
1272,Textiles_and_furniture,1966,2633
1271,Textiles_and_furniture,1482,2635
1270,Textiles_and_furniture,1302,2685
1269,Textiles_and_furniture,2701,2505
1266,Textiles_and_furniture,1794,2139
1256,Textiles_and_furniture,2683,2562
1255,Textiles_and_furniture,2538,2630
1254,Textiles_and_furniture,2690,2594
1253,Textiles_and_furniture,2683,2633
1250,Textiles_and_furniture,2787,2604
1246,Textiles_and_furniture,2812,2655
1244,Textiles_and_furniture,1811,2089
1243,Textiles_and_furniture,1836,2021
1239,Textiles_and_furniture,2214,2281
1237,Textiles_and_furniture,2081,1827
1233,Textiles_and_furniture,2122,1748
1232,Textiles_and_furniture,1379,2509
1460,Stone_and_glass,1113,2235
1458,Stone_and_glass,1828,2648
1456,Stone_and_glass,2823,2556
1455,Stone_and_glass,2244,2782
1453,Stone_and_glass,1058,2028
1451,Stone_and_glass,2277,2728
1449,Stone_and_glass,2054,1796
1446,Stone_and_glass,2853,2574
1445,Stone_and_glass,2906,2564
1444,Stone_and_glass,2816,2842
1443,Stone_and_glass,1328,2626
1442,Stone_and_glass,1864,2467
1441,Stone_and_glass,1126,2399
1436,Stone_and_glass,2101,2131
1433,Stone_and_glass,2340,2446
1432,Stone_and_glass,1707,2521
1431,Stone_and_glass,1896,2445
1430,Stone_and_glass,1844,2237
1429,Stone_and_glass,1196,2619
1428,Stone_and_glass,2177,2172
1427,Stone_and_glass,1362,2380
1425,Stone_and_glass,1212,2116
1423,Stone_and_glass,2438,2886
1422,Stone_and_glass,2053,1979
1421,Stone_and_glass,2102,2089
1420,Stone_and_glass,2094,2049
1419,Stone_and_glass,2479,2413
1418,Stone_and_glass,1108,2065
1417,Stone_and_glass,2410,2842
1416,Stone_and_glass,1508,2709
1412,Stone_and_glass,1403,2654
1411,Stone_and_glass,1734,2521
1409,Stone_and_glass,1583,2433
1407,Stone_and_glass,1914,2649
1404,Stone_and_glass,2358,2471
1403,Stone_and_glass,2188,2442
1401,Stone_and_glass,1896,2643
1400,Stone_and_glass,1994,2447
1399,Stone_and_glass,1850,2204
1398,Stone_and_glass,1672,2251
1396,Stone_and_glass,2439,2848
1395,Stone_and_glass,2411,2868
917,Minerals,2279,2549
916,Minerals,1895,2687
915,Minerals,1888,2733
914,Minerals,2185,1925
913,Minerals,1597,1967
912,Minerals,2433,2044
911,Minerals,2318,1884
910,Minerals,2438,1822
909,Minerals,1994,2123
908,Minerals,2161,2040
905,Minerals,1720,2655
904,Minerals,1549,2022
902,Minerals,1773,2774
900,Minerals,1875,2703
896,Minerals,2230,1654
895,Minerals,1508,2050
894,Minerals,1478,2071
893,Minerals,1105,2363
892,Minerals,1003,2314
890,Minerals,1483,2038
888,Minerals,2446,2976
887,Minerals,2460,2928
886,Minerals,1735,2794
885,Minerals,1035,2383
884,Minerals,1066,2293
883,Minerals,2224,1724
882,Minerals,1059,2330
881,Minerals,953,2120
880,Minerals,1169,2326
879,Minerals,2027,1729
873,Minerals,2482,2374
870,Minerals,2353,2689
869,Minerals,1320,2897
867,Minerals,2341,2610
866,Minerals,2097,2194
865,Minerals,2416,2892
860,Minerals,2171,1683
858,Minerals,1916,2684
857,Minerals,1155,1846
855,Minerals,2645,2788
853,Minerals,2515,2051
851,Minerals,2057,2934
1618,Metals,2007,2274
1616,Metals,2151,2435
1615,Metals,1605,2357
1614,Metals,1605,2630
1613,Metals,2750,2829
1612,Metals,1713,2103
1610,Metals,1770,2661
1609,Metals,1938,2347
1608,Metals,1932,2269
1607,Metals,2726,2794
1604,Metals,1433,2059
1603,Metals,1079,2603
1601,Metals,1485,2102
1600,Metals,1595,2335
1599,Metals,1698,2319
1597,Metals,1840,2449
1596,Metals,1547,2598
1595,Metals,1843,2610
1594,Metals,1542,2379
1593,Metals,2570,2187
1591,Metals,1760,2102
1590,Metals,2724,2695
1587,Metals,1248,2225
1584,Metals,1080,2346
1583,Metals,1602,2851
1581,Metals,1560,2860
1580,Metals,1109,2728
1573,Metals,1195,1775
1572,Metals,1989,2259
1566,Metals,2227,1854
1560,Metals,2252,2145
1559,Metals,2091,2363
1558,Metals,2573,2583
1557,Metals,2686,2238
1555,Metals,2311,2255
1553,Metals,2173,2465
1551,Metals,2127,2346
1550,Metals,1905,2527
1549,Metals,1877,2645
1548,Metals,1558,2095
1547,Metals,2316,2470
1545,Metals,2397,2322
1544,Metals,1844,2705
1543,Metals,1504,2132
1542,Metals,1368,2208
1541,Metals,1273,2169
1540,Metals,1455,2260
1537,Metals,1104,2332
1536,Metals,1035,2271
1535,Metals,1703,2279
1529,Metals,1701,2783
1528,Metals,1528,2713
1527,Metals,1451,2353
1526,Metals,1195,2648
1525,Metals,1441,2403
1524,Metals,2222,1950
1523,Metals,2283,1928
1520,Metals,2423,2328
1519,Metals,2230,1793
1518,Metals,2257,1834
1516,Metals,2018,2384
1515,Metals,2113,2304
1514,Metals,1510,2621
1513,Metals,2707,2751
1512,Metals,1832,2424
1511,Metals,2168,2363
1510,Metals,1988,2295
1508,Metals,1692,2420
1507,Metals,2613,2075
1505,Metals,1635,2293
1504,Metals,2150,2319
1502,Metals,2164,2105
1501,Metals,2782,2462
1500,Metals,2340,2424
1499,Metals,2194,2376
1498,Metals,2337,2365
1497,Metals,1756,2301
1496,Metals,2287,2363
1495,Metals,1600,2137
1494,Metals,1605,2233
1493,Metals,2386,2883
1492,Metals,1623,2548
1491,Metals,1780,2747
1490,Metals,1553,2262
1489,Metals,2225,2115
1488,Metals,1312,2833
1487,Metals,1498,2346
1486,Metals,1496,2307
1485,Metals,1560,2152
1484,Metals,1588,2623
1483,Metals,1541,2483
1482,Metals,1415,2451
1481,Metals,1389,2135
1480,Metals,1429,2116
1479,Metals,1464,2094
1478,Metals,2202,2314
1477,Metals,2192,2242
1476,Metals,2185,2599
1475,Metals,2197,2194
1474,Metals,2209,2160
1473,Metals,1766,2614
1472,Metals,1818,2506
1471,Metals,2271,2032
1470,Metals,2220,2011
1469,Metals,2225,2050
1468,Metals,1576,2074
1467,Metals,1583,2023
1466,Metals,1747,2681
1465,Metals,2423,2217
1464,Metals,1002,2136
1463,Metals,2255,1978
1462,Metals,1608,2103
1879,Machinery,1396,2803
1878,Machinery,1236,2373
1875,Machinery,2596,2712
1874,Machinery,1609,2698
1873,Machinery,2754,2619
1872,Machinery,2743,2586
1869,Machinery,2608,2183
1865,Machinery,2727,2594
1864,Machinery,1219,2676
1863,Machinery,2758,2877
1862,Machinery,1578,2814
1861,Machinery,1155,2741
1851,Machinery,1654,2723
1850,Machinery,1475,2446
1848,Machinery,1475,2409
1845,Machinery,1232,2748
1843,Machinery,1176,2375
1836,Machinery,1329,2689
1835,Machinery,1362,2716
1833,Machinery,1334,2710
1830,Machinery,1342,2636
1827,Machinery,1381,2654
1824,Machinery,2780,2847
1823,Machinery,1375,2688
1822,Machinery,1741,2213
1821,Machinery,1642,2393
1820,Machinery,1330,2382
1819,Machinery,1305,2415
1818,Machinery,1781,2209
1817,Machinery,2079,2239
1816,Machinery,1346,2132
1815,Machinery,1425,2280
1814,Machinery,1560,2358
1813,Machinery,1474,2227
1812,Machinery,1838,2585
1811,Machinery,1270,2201
1810,Machinery,1293,2060
1809,Machinery,1452,2626
1808,Machinery,1448,2703
1807,Machinery,1324,2443
1806,Machinery,1761,2531
1804,Machinery,1670,2041
1803,Machinery,1487,2497
1802,Machinery,1141,2357
1801,Machinery,1262,2297
1800,Machinery,1639,2807
1799,Machinery,1313,2352
1795,Machinery,1293,2512
1794,Machinery,1128,2702
1793,Machinery,1438,2841
1792,Machinery,1398,2771
1791,Machinery,1168,2603
1790,Machinery,1191,2405
1703,Machinery,1692,2235
1702,Machinery,1445,2477
1701,Machinery,1587,2260
1700,Machinery,1721,2309
1699,Machinery,1736,2273
1698,Machinery,1680,2178
1697,Machinery,1420,2168
1696,Machinery,1529,2759
1695,Machinery,1558,2509
1694,Machinery,1512,2160
1693,Machinery,1540,2348
1692,Machinery,2089,2274
1691,Machinery,1163,2554
1690,Machinery,1241,2589
1689,Machinery,1113,2520
1688,Machinery,1188,2748
1686,Machinery,1721,2244
1685,Machinery,1612,2170
1684,Machinery,1746,2368
1683,Machinery,1883,2326
1682,Machinery,1528,2805
1681,Machinery,1820,2165
1680,Machinery,1812,2246
1679,Machinery,1594,2778
1678,Machinery,1593,2665
1677,Machinery,1659,2325
1676,Machinery,1487,2520
1675,Machinery,1572,2737
1674,Machinery,1387,2382
1673,Machinery,1579,2173
1672,Machinery,1629,2255
1670,Machinery,1785,2160
1669,Machinery,1686,2071
1668,Machinery,1544,2568
1666,Machinery,1613,2647
1665,Machinery,1434,2778
1664,Machinery,1624,2835
1663,Machinery,1608,2741
1661,Machinery,1240,2541
1660,Machinery,1292,2377
1659,Machinery,1532,2249
1658,Machinery,1264,2356
1657,Machinery,1542,2328
1656,Machinery,1993,2415
1655,Machinery,1202,2327
1654,Machinery,1787,2494
1652,Machinery,1931,2454
1651,Machinery,1742,2470
1650,Machinery,2097,2337
1649,Machinery,1958,2318
1648,Machinery,1660,1936
1647,Machinery,1635,2698
1646,Machinery,1876,2430
1645,Machinery,1378,2184
1644,Machinery,1600,2300
1643,Machinery,1830,2284
1642,Machinery,1585,2372
1641,Machinery,1288,2406
1640,Machinery,1512,2482
1639,Machinery,1557,2304
1638,Machinery,1541,2775
1637,Machinery,1636,2342
1636,Machinery,2276,2403
1635,Machinery,1905,2356
1634,Machinery,1513,2258
1633,Machinery,1309,2587
1632,Machinery,1761,2458
1631,Machinery,1502,2450
1630,Machinery,1606,2410
1629,Machinery,1304,2733
1628,Machinery,1921,2563
1627,Machinery,1699,2357
1626,Machinery,1602,2469
1625,Machinery,1514,2394
1624,Machinery,1717,2389
1623,Machinery,1661,2154
1622,Machinery,1956,2177
1621,Machinery,1824,2474
1620,Machinery,2006,2190
1619,Machinery,1355,1943
1751,Electronics,1294,2477
1750,Electronics,1669,2277
1749,Electronics,2025,2326
1748,Electronics,1665,2693
1747,Electronics,2481,2445
1746,Electronics,1275,2438
1745,Electronics,1182,2480
1744,Electronics,1204,2570
1743,Electronics,1222,2420
1742,Electronics,1505,2089
1741,Electronics,1755,2237
1740,Electronics,1895,2273
1739,Electronics,1978,2363
1738,Electronics,2044,2294
1737,Electronics,1223,2588
1736,Electronics,1260,2506
1735,Electronics,1274,2597
1734,Electronics,1344,2494
1733,Electronics,1868,2391
1732,Electronics,1288,2553
1731,Electronics,1394,2542
1730,Electronics,1204,2707
1729,Electronics,1262,2393
1728,Electronics,1069,2448
1727,Electronics,1376,2149
1726,Electronics,1228,2475
1725,Electronics,1206,2520
1724,Electronics,1138,2639
1722,Electronics,1120,2580
1721,Electronics,1239,2706
1720,Electronics,1127,2449
1719,Electronics,1493,2690
1718,Electronics,1522,2313
1717,Electronics,1555,2411
1716,Electronics,1152,2385
1715,Electronics,1742,2416
1714,Electronics,1786,2448
1713,Electronics,1723,2010
1712,Electronics,1055,2535
1711,Electronics,1621,2117
1710,Electronics,1303,2628
1709,Electronics,1123,2118
1708,Electronics,1221,2639
1707,Electronics,2024,2252
1706,Electronics,1920,2237
1705,Electronics,1645,2202
1704,Electronics,2063,2312
1135,Chemicals_and_plastics,1878,2245
1134,Chemicals_and_plastics,1250,2736
1133,Chemicals_and_plastics,1357,2315
1132,Chemicals_and_plastics,2072,2068
1131,Chemicals_and_plastics,2155,2248
1130,Chemicals_and_plastics,2156,2209
1129,Chemicals_and_plastics,1800,2303
1128,Chemicals_and_plastics,1777,2325
1127,Chemicals_and_plastics,1857,2322
1124,Chemicals_and_plastics,1853,2420
1121,Chemicals_and_plastics,1393,2070
1120,Chemicals_and_plastics,2842,2295
1119,Chemicals_and_plastics,1853,2270
1118,Chemicals_and_plastics,2306,2390
1117,Chemicals_and_plastics,2817,2481
1116,Chemicals_and_plastics,2418,2465
1115,Chemicals_and_plastics,2093,2412
1114,Chemicals_and_plastics,2152,2551
1113,Chemicals_and_plastics,2046,2502
1112,Chemicals_and_plastics,1403,2108
1111,Chemicals_and_plastics,1435,2087
1110,Chemicals_and_plastics,2120,2544
1109,Chemicals_and_plastics,1685,2498
1108,Chemicals_and_plastics,2216,2654
1107,Chemicals_and_plastics,1531,2163
1106,Chemicals_and_plastics,1368,2019
1105,Chemicals_and_plastics,1371,2110
1104,Chemicals_and_plastics,1230,2080
1103,Chemicals_and_plastics,1266,2120
1102,Chemicals_and_plastics,1860,2360
1101,Chemicals_and_plastics,1272,2142
1100,Chemicals_and_plastics,1265,2706
1099,Chemicals_and_plastics,1266,2082
1098,Chemicals_and_plastics,1132,2169
1097,Chemicals_and_plastics,1702,2039
1096,Chemicals_and_plastics,1273,2656
1095,Chemicals_and_plastics,1535,2181
1094,Chemicals_and_plastics,2137,1865
1093,Chemicals_and_plastics,2031,2567
1092,Chemicals_and_plastics,1345,2063
1091,Chemicals_and_plastics,1330,2082
1088,Chemicals_and_plastics,1083,2642
1087,Chemicals_and_plastics,1447,1936
1086,Chemicals_and_plastics,1735,2567
1085,Chemicals_and_plastics,1307,2174
1084,Chemicals_and_plastics,2095,2588
1082,Chemicals_and_plastics,1120,2259
1081,Chemicals_and_plastics,1148,2004
1080,Chemicals_and_plastics,1732,2048
1079,Chemicals_and_plastics,1821,2594
1078,Chemicals_and_plastics,1365,2333
1076,Chemicals_and_plastics,1053,2166
1072,Chemicals_and_plastics,1111,2197
1071,Chemicals_and_plastics,1664,2600
1070,Chemicals_and_plastics,1194,2065
1066,Chemicals_and_plastics,1216,2166
1065,Chemicals_and_plastics,1186,2118
1064,Chemicals_and_plastics,1231,2126
1060,Chemicals_and_plastics,2292,2661
1057,Chemicals_and_plastics,2119,2720
1056,Chemicals_and_plastics,2052,2540
1055,Chemicals_and_plastics,1207,2774
1054,Chemicals_and_plastics,1343,2275
1053,Chemicals_and_plastics,1356,2360
1051,Chemicals_and_plastics,2072,2699
1049,Chemicals_and_plastics,2139,1989
1048,Chemicals_and_plastics,2077,2487
1047,Chemicals_and_plastics,1372,1944
1046,Chemicals_and_plastics,1330,2169
1045,Chemicals_and_plastics,2166,2401
1044,Chemicals_and_plastics,2452,2387
1043,Chemicals_and_plastics,2003,2508
1042,Chemicals_and_plastics,2078,2190
1041,Chemicals_and_plastics,2060,2465
1040,Chemicals_and_plastics,1660,2783
1039,Chemicals_and_plastics,1661,2834
1038,Chemicals_and_plastics,1393,2041
1037,Chemicals_and_plastics,2386,2610
1036,Chemicals_and_plastics,1328,2104
1035,Chemicals_and_plastics,2028,2466
1033,Chemicals_and_plastics,1991,2571
1030,Chemicals_and_plastics,2127,2502
1029,Chemicals_and_plastics,2087,2535
1028,Chemicals_and_plastics,1273,1995
1027,Chemicals_and_plastics,1482,2183
1025,Chemicals_and_plastics,1134,2146
1021,Chemicals_and_plastics,2247,2597
1020,Chemicals_and_plastics,1566,1962
1019,Chemicals_and_plastics,1095,2142
1018,Chemicals_and_plastics,2326,2013
1016,Chemicals_and_plastics,1352,2223
1015,Chemicals_and_plastics,1769,2122
1014,Chemicals_and_plastics,1944,2491
1013,Chemicals_and_plastics,2005,2476
1012,Chemicals_and_plastics,1318,2232
1011,Chemicals_and_plastics,1397,1952
1009,Chemicals_and_plastics,1278,2263
1007,Chemicals_and_plastics,1554,2808
1005,Chemicals_and_plastics,1317,2039
1004,Chemicals_and_plastics,1296,2110
1003,Chemicals_and_plastics,1200,1989
1002,Chemicals_and_plastics,1107,2028
1001,Chemicals_and_plastics,1227,1940
1000,Chemicals_and_plastics,1228,2018
999,Chemicals_and_plastics,1149,2045
998,Chemicals_and_plastics,1255,2045
997,Chemicals_and_plastics,1483,2146
994,Chemicals_and_plastics,1440,2029
993,Chemicals_and_plastics,1245,1957
992,Chemicals_and_plastics,1152,1915
991,Chemicals_and_plastics,1477,2370
990,Chemicals_and_plastics,1204,1828
989,Chemicals_and_plastics,1201,1953
988,Chemicals_and_plastics,1240,1987
986,Chemicals_and_plastics,1229,2268
985,Chemicals_and_plastics,1141,2098
984,Chemicals_and_plastics,1195,2236
983,Chemicals_and_plastics,1369,2282
982,Chemicals_and_plastics,1249,2147
980,Chemicals_and_plastics,1262,2014
978,Chemicals_and_plastics,1175,2081
977,Chemicals_and_plastics,1318,1954
975,Chemicals_and_plastics,1252,2102
974,Chemicals_and_plastics,1178,2014
973,Chemicals_and_plastics,2396,1980
972,Chemicals_and_plastics,1909,2720
971,Chemicals_and_plastics,1219,2048
970,Chemicals_and_plastics,1417,2018
969,Chemicals_and_plastics,2487,1934
966,Chemicals_and_plastics,1579,2134
961,Chemicals_and_plastics,1141,2307
960,Chemicals_and_plastics,1814,2720
958,Chemicals_and_plastics,1783,2060
953,Chemicals_and_plastics,1138,1952
952,Chemicals_and_plastics,2197,1825
951,Chemicals_and_plastics,1975,2816
950,Chemicals_and_plastics,1896,2763
944,Chemicals_and_plastics,1165,1990
943,Chemicals_and_plastics,1467,2676
942,Chemicals_and_plastics,1797,2008
939,Chemicals_and_plastics,1016,2022
938,Chemicals_and_plastics,1585,2891
935,Chemicals_and_plastics,1708,2720
932,Chemicals_and_plastics,1840,2160
931,Chemicals_and_plastics,2361,1998
928,Chemicals_and_plastics,1552,2703
926,Chemicals_and_plastics,2185,1746
924,Chemicals_and_plastics,2216,1899
921,Chemicals_and_plastics,1760,2032
920,Chemicals_and_plastics,1550,2119